<keymap version="1" name="GNOME copy" parent="Default for GNOME">
  <action id="$Redo">
    <keyboard-shortcut first-keystroke="shift ctrl z" />
    <keyboard-shortcut first-keystroke="ctrl y" />
  </action>
  <action id="CloseContent">
    <keyboard-shortcut first-keystroke="ctrl w" />
  </action>
  <action id="Editor Redo">
    <keyboard-shortcut first-keystroke="ctrl y" />
  </action>
  <action id="EditorChooseLookupItemCompleteStatement" />
  <action id="EditorDeleteLine" />
  <action id="EditorDeleteToLineStart">
    <keyboard-shortcut first-keystroke="shift ctrl back_space" />
  </action>
  <action id="EditorDeleteToWordEnd">
    <keyboard-shortcut first-keystroke="shift ctrl delete" />
  </action>
  <action id="EditorSelectWord" />
  <action id="EditorStartNewLineBefore">
    <keyboard-shortcut first-keystroke="shift ctrl enter" />
  </action>
  <action id="GotoDeclaration">
    <mouse-shortcut keystroke="control button1" />
  </action>
  <action id="JumpToLastChange" />
  <action id="Run">
    <keyboard-shortcut first-keystroke="ctrl b" />
  </action>
  <action id="SmartSelect" />
  <action id="Unwrap" />
  <action id="UsageFiltering.WriteAccess" />
  <action id="runShellFileAction" />
</keymap>