<application>
  <component name="ProjectManager">
    <defaultProject>
      <component name="ProjectRootManager" version="2" project-jdk-name="Python 3.8" project-jdk-type="Python SDK" />
      <component name="PropertiesComponent"><![CDATA[{
  "keyToString": {
    "last_opened_file_path": "/opt/ros/noetic/setup.bash",
    "settings.editor.selected.configurable": "com.jetbrains.python.configuration.PyActiveSdkModuleConfigurable"
  }
}]]></component>
      <component name="PyConsoleOptionsProvider">
        <option name="myPythonConsoleState">
          <console-settings custom-start-script="import sys; print('Python %s on %s' % (sys.version, sys.platform))&#10;sys.path.extend([WORKING_DIR_AND_PYTHON_PATHS])&#10;sys.path.extend('/opt/ros/noetic/lib/python3/dist-packages')" sdk-home="/usr/bin/python3.8">
            <option name="sdk">
              <Sdk />
            </option>
            <option name="myCustomStartScript" value="import sys; print('Python %s on %s' % (sys.version, sys.platform))&#10;sys.path.extend([WORKING_DIR_AND_PYTHON_PATHS])&#10;sys.path.extend('/opt/ros/noetic/lib/python3/dist-packages')" />
            <option name="mySdkHome" value="/usr/bin/python3.8" />
            <option name="mySdk">
              <Sdk />
            </option>
          </console-settings>
        </option>
      </component>
      <component name="RunManager">
        <configuration default="true" type="PythonConfigurationType" factoryName="Python">
          <option name="ENV_FILES" value="" />
          <option name="INTERPRETER_OPTIONS" value="" />
          <option name="PARENT_ENVS" value="true" />
          <envs>
            <env name="PYTHONUNBUFFERED" value="1" />
          </envs>
          <option name="SDK_HOME" value="" />
          <option name="SDK_NAME" value="Python 3.8" />
          <option name="WORKING_DIRECTORY" value="" />
          <option name="IS_MODULE_SDK" value="false" />
          <option name="ADD_CONTENT_ROOTS" value="true" />
          <option name="ADD_SOURCE_ROOTS" value="true" />
          <module name="" />
          <option name="SCRIPT_NAME" value="" />
          <option name="PARAMETERS" value="" />
          <option name="SHOW_COMMAND_LINE" value="false" />
          <option name="EMULATE_TERMINAL" value="false" />
          <option name="MODULE_MODE" value="false" />
          <option name="REDIRECT_INPUT" value="false" />
          <option name="INPUT_FILE" value="" />
          <method v="2" />
        </configuration>
        <configuration default="true" type="ShConfigurationType">
          <option name="SCRIPT_TEXT" value="" />
          <option name="INDEPENDENT_SCRIPT_PATH" value="true" />
          <option name="SCRIPT_PATH" value="/opt/ros/noetic/setup.bash" />
          <option name="SCRIPT_OPTIONS" value="" />
          <option name="INDEPENDENT_SCRIPT_WORKING_DIRECTORY" value="true" />
          <option name="SCRIPT_WORKING_DIRECTORY" value="" />
          <option name="INDEPENDENT_INTERPRETER_PATH" value="true" />
          <option name="INTERPRETER_PATH" value="/bin/bash" />
          <option name="INTERPRETER_OPTIONS" value="" />
          <option name="EXECUTE_IN_TERMINAL" value="true" />
          <option name="EXECUTE_SCRIPT_FILE" value="true" />
          <envs />
          <method v="2" />
        </configuration>
      </component>
      <component name="TaskManager">
        <task active="true" id="Default" summary="Default task">
          <created>1704238370391</created>
          <option name="number" value="Default" />
          <option name="presentableId" value="Default" />
          <updated>1704238370391</updated>
        </task>
        <servers />
      </component>
      <component name="WindowStateProjectService">
        <state x="435" y="200" width="824" height="684" key="#Run/Debug_Configuration_Templates" timestamp="1704238756520">
          <screen x="0" y="27" width="1680" height="1023" />
        </state>
        <state x="435" y="200" width="824" height="684" key="#Run/Debug_Configuration_Templates/0.27.1680.1023" timestamp="1704238756520" />
        <state x="630" y="300" width="424" height="491" key="FileChooserDialogImpl" timestamp="1704238729775">
          <screen x="0" y="27" width="1680" height="1023" />
        </state>
        <state x="630" y="300" width="424" height="491" key="FileChooserDialogImpl/0.27.1680.1023" timestamp="1704238729775" />
        <state x="344" y="173" width="992" height="737" key="SettingsEditor" timestamp="1704238559083">
          <screen x="0" y="27" width="1680" height="1023" />
        </state>
        <state x="344" y="173" width="992" height="737" key="SettingsEditor/0.27.1680.1023" timestamp="1704238559083" />
      </component>
    </defaultProject>
  </component>
</application>